{"version": "0.1.8", "img_width": 1362, "img_height": 1920, "blocks": [{"box": [76, 114, 1240, 753], "vertical": false, "font_size": 54.888888888888886, "lines_coords": [[[84.0, 114.0], [1215.0, 114.0], [1215.0, 165.0], [84.0, 165.0]], [[82.0, 183.0], [1217.0, 183.0], [1217.0, 240.0], [82.0, 240.0]], [[88.0, 258.0], [1041.0, 256.0], [1041.0, 315.0], [88.0, 316.0]], [[78.0, 333.0], [1112.0, 333.0], [1112.0, 390.0], [78.0, 390.0]], [[76.0, 406.0], [1230.0, 403.0], [1230.0, 459.0], [76.0, 463.0]], [[78.0, 478.0], [1230.0, 478.0], [1230.0, 540.0], [78.0, 540.0]], [[84.0, 556.0], [930.0, 556.0], [930.0, 607.0], [84.0, 607.0]], [[84.0, 630.0], [1240.0, 628.0], [1240.0, 680.0], [84.0, 682.0]], [[78.0, 701.0], [628.0, 703.0], [628.0, 753.0], [78.0, 751.0]]], "lines": ["ｉｎＴｈｅｗａｔａｒｔｏｇｅｔｈｅｒ．ｂｕｔａｌｌｏｆｏｓｕｄｄｅｎ", "ｔｈｅｒｓｉｔｕｄｉｏｎｔｕｒｅｄｆｏｒｔｈｅ：Ｗｏｒｓｅ．Ａｎｄ", "．．．ｕｓｔｗｈｅｎｔｈｉｎｇｓＷｅｒｅｇｏｉｎｇｓｏｗｅｌ", "．．．ｂｅｔｗｅｃｈｉｎｅｍｌｉｍｅｓｐｅｃｉｄｌｙｗｏｒｎｅｄ．", "ｂｅｃａｕｓｅＮａｔｅｒｃｅｒ．ｄｏｒｋｓｉｄｅｔｏｈｉｎ．Ｔｕｓｔ", "Ｉｎｏｋａｔｗｈａｔｈｅｄｉｏ．Ｐｏｒ＇ＡｍｂｅｎｌＩｈｏｐｅ．．．", "Ｋａｌａｎｄ＿Ｋｎｉｔｅｆｏｉｒｂｅｔｔｅｒｔｈａｎ", "Ｓｈａｋｅｓｐｅａｒｅｓｆａｍｏｕｓｓｔａｒ－ｃｒｏｓｓｅｄｌｏｖｅｒｓ", "ｉｍｉｔｈｅｂｏｏｋｔｏｃｏｍｅ！"]}, {"box": [75, 845, 1238, 1498], "vertical": false, "font_size": 55.55555555555556, "lines_coords": [[[78.0, 851.0], [1221.0, 845.0], [1221.0, 901.0], [78.0, 907.0]], [[88.0, 924.0], [1163.0, 924.0], [1163.0, 975.0], [88.0, 975.0]], [[80.0, 999.0], [733.0, 999.0], [733.0, 1050.0], [80.0, 1050.0]], [[78.0, 1072.0], [1208.0, 1068.0], [1208.0, 1125.0], [78.0, 1128.0]], [[75.0, 1141.0], [1127.0, 1143.0], [1127.0, 1200.0], [75.0, 1198.0]], [[80.0, 1218.0], [1129.0, 1218.0], [1129.0, 1275.0], [80.0, 1275.0]], [[78.0, 1290.0], [1232.0, 1290.0], [1232.0, 1346.0], [78.0, 1346.0]], [[76.0, 1365.0], [1238.0, 1363.0], [1238.0, 1421.0], [76.0, 1423.0]], [[76.0, 1440.0], [1185.0, 1436.0], [1185.0, 1494.0], [76.0, 1498.0]]], "lines": ["Ｓｐｅａｋｉｎｇｏｆｗｈｉｃｈ．ｗｏｒｋｃｒ．Ｂｏｏｋ５ａｍａｉｔｓ：", "ＷａｓＢｏｏｋ４ｃｅｆｕｍｆｏｒｙｏｕ．ａｓｉｔｗａｃｆｏｒ", "ｍａ？Ｓａｒｄｕｓａｒｅｍａｌｌｏｔ", "ｃｒｙｓｈａｌｌｉｎｔｅｒｓｍｏｌｇａｅ＠ｇｍａｉｌ．ｃｏｍｏｒｗｉｔｔｅ", "ｕｓａｒｒｅｖｉｅｗｏｒ．Ａｍａｚｏｎ－ｏｎｄｌｅｔｕｓｋｒｏｗ", "ｗｈａｔｙｏｕｔｈｏｕｇｈｔｏｆ．ｔｈｉｓｂｏｏｋｏｒｗｈａｔ．", "ｙｏｕｄｌｉｋｅｔｏｓｅｃｉｎｔｈｅｎｅｘｔｒｏｎｅ．Ｉｔｒｕｗｏｒｓ", "＇ｇｉｖｅｓｕｓａｂｏｏｓｔｏｆ．ｅｎｅｒｇｙｔｏｈｅａｒｆｒｏｍａｌｌ", "Ｔｏｆｙｏｕ，ｃｎｄｈｅｌｐｓｕｓｋｅｅｐ．ｄｏｎｇｏｕｒｂｅｓｔ．"]}, {"box": [84, 1586, 1106, 1708], "vertical": false, "font_size": 48.5, "lines_coords": [[[91.0, 1586.0], [1106.0, 1590.0], [1106.0, 1642.0], [91.0, 1638.0]], [[84.0, 1663.0], [433.0, 1663.0], [433.0, 1708.0], [84.0, 1708.0]]], "lines": ["Ｔｈａｎｋｓｆｏｒｒｅｃｄｒｅ．ｏｎｄｓｅｅｙｏｕｄｇｉｎ", "ａｆｔｅｒＢｏｏｋ５！"]}]}