{"version": "0.1.8", "img_width": 1362, "img_height": 1920, "blocks": [{"box": [78, 116, 1238, 900], "vertical": false, "font_size": 53.36363636363637, "lines_coords": [[[86.0, 116.0], [1221.0, 116.0], [1221.0, 166.0], [86.0, 166.0]], [[80.0, 183.0], [1180.0, 189.0], [1180.0, 245.0], [80.0, 240.0]], [[78.0, 260.0], [1097.0, 256.0], [1097.0, 313.0], [78.0, 316.0]], [[78.0, 330.0], [1118.0, 330.0], [1118.0, 391.0], [78.0, 391.0]], [[84.0, 410.0], [1187.0, 410.0], [1187.0, 461.0], [84.0, 461.0]], [[78.0, 480.0], [1086.0, 478.0], [1086.0, 534.0], [78.0, 536.0]], [[80.0, 556.0], [1178.0, 553.0], [1178.0, 605.0], [80.0, 609.0]], [[78.0, 628.0], [1093.0, 626.0], [1093.0, 682.0], [78.0, 684.0]], [[80.0, 705.0], [1238.0, 701.0], [1238.0, 753.0], [80.0, 757.0]], [[78.0, 776.0], [1125.0, 774.0], [1125.0, 826.0], [78.0, 828.0]], [[84.0, 855.0], [529.0, 855.0], [529.0, 900.0], [84.0, 900.0]]], "lines": ["Ｎｅｘｔ．ａｆｔｅｒｈｉｓｔａｒｉｎｇｕｎｄｅｒｗａｔｔｅｒｒｅｓｃｌｅ", "．ｍＢｏｏｋ６，Ｂｃｒｓｏｎｓｃｈａｎｃｃｔｅｒｇｒｏｗｓｙｅｔ", "ｃｇａｉｎ．ｃｓｈｅｆｉｒａｌｙｃｏｎｆｒｏｎｔｓＭａｃｈｉｎｅ", "Ｄａｐｈｒｅｆｏｒｔｈｅ９ｏｏｄｏｆｌｉｓｔｅａｍ．Ａｎｄ", "Ｓｕｂｏｓａｒｄｆｒｅｒｂｅｉｎｇｓｏｒｅｌｕｃｔｏｎｔｔｏｔｒｅａｔ", "ｈｅｒｔｅａｍｌｉｋｅａｆａｍｉｙｂａｃｋｉｎＢｏｏｋ２．", "ｈａｐｐｌｙｈｏｌｄｓｌｉｔｈｅＤａｐｈｒｅｓｈａｎｄｉｎｔｈｉｓ", "ｂｏｏｋｗｈｅｒｔｈｅｌｄｔｔｅｒ＇ｇｒｅｅｔｓｈｅｒａｎｄ", "Ｂｏｎｇｏｍａｆｔｅｒｔｈｅｙａｒｒｉｖｅｈｏｎｅ．Ｔｈｅｓｅｃｒｏｒを", "ｗｏｒｔｅｒｆｕｌｄｅｒｅｌｏｐｍｅｒｔｒｍｉｌｅｓｔｏｎｅｓｆｏｒ", "ｂｏｔｈ．ｃｈａｒａｃｔｅｒｓ！"]}, {"box": [78, 999, 1262, 1781], "vertical": false, "font_size": 52.36363636363637, "lines_coords": [[[90.0, 999.0], [1247.0, 999.0], [1247.0, 1050.0], [90.0, 1050.0]], [[80.0, 1074.0], [1103.0, 1068.0], [1103.0, 1119.0], [80.0, 1125.0]], [[78.0, 1147.0], [1208.0, 1141.0], [1208.0, 1198.0], [78.0, 1203.0]], [[80.0, 1216.0], [1170.0, 1216.0], [1170.0, 1273.0], [80.0, 1273.0]], [[78.0, 1288.0], [1174.0, 1291.0], [1174.0, 1350.0], [78.0, 1346.0]], [[82.0, 1370.0], [1219.0, 1370.0], [1219.0, 1415.0], [82.0, 1415.0]], [[80.0, 1440.0], [1204.0, 1436.0], [1204.0, 1492.0], [80.0, 1496.0]], [[80.0, 1513.0], [1243.0, 1513.0], [1243.0, 1569.0], [80.0, 1569.0]], [[84.0, 1591.0], [1240.0, 1591.0], [1240.0, 1636.0], [84.0, 1636.0]], [[78.0, 1659.0], [1217.0, 1657.0], [1217.0, 1715.0], [78.0, 1717.0]], [[82.0, 1738.0], [1262.0, 1738.0], [1262.0, 1781.0], [82.0, 1781.0]]], "lines": ["Ｔｈｅｎｔｈｅｒｅｓｉｎｗｉｎ．エｈｏｐｅＴｈｒｎｏｔｉｎｅｏｎｙ", "ｏｎｅｔｈａｔｒｅａｌｉｚｅｄｈｅｈａｄｄｍｅｘｃｅｌｌｅｎｔ", "ｏｐｐｏｒＴｕｎｉｔｙｉｎｔｈｉｓｂｏｏｋｔｏｋｉｌｋｍｉｚｓｃｒｉ", "ｔａｋｅｈａｒｈｏｒｎ．Ｔｈｅｒをｈｅｗａｓｗｉｔｈｅｒｉｎ", "Ｂａｎｓｏｍｓｈｏｕｓｅ．Ｄａｐｈｒｅｗａｓｂｉｎｄ．ｄｙｒｉｇ．", "ａｎｄｓｃａｒｅｄ．Ａｎｄｒｉｎｅｒｚｓｔｒｏｆｔｈｅｔａｃｍｉｗａｓ", "ｆｉｇｈｔｎｇａｔｉｈｅｗａｔｅｒｓｔｏｒｅ．Ｂｕｔｒｌｉｒｗｉｎ", "ｄｉｄｗａｓｐｒｅｐｏｒｅｔｏｍｏｋｅｒｐｏｔｉｏｎｅｒｄｉｔｗｏｒｒｙ", "ａｂｏｕｔＤｏｐｈｒｅａｓｈｅｗａｉｔｅｄｆｏｒｈｓｔｅｃｍｉｔｏ", "ｂｒｉｎｇＴｈｅｍａｇｉｃｗａｔｅｒｈｏｍｅ．ＩｈｏｐｅＩｒｗｉｎ", "ｃｏｒｔｉｎｕｇｓｔｏｎｏｔｂｅｔｈｅｍｏｎｇｔｅｒｈｉｓｍｅｓｉｏｎ"]}]}