{"version": "0.1.8", "img_width": 1362, "img_height": 1920, "blocks": [{"box": [76, 114, 1253, 607], "vertical": false, "font_size": 55.57142857142857, "lines_coords": [[[82.0, 114.0], [1230.0, 114.0], [1230.0, 165.0], [82.0, 165.0]], [[78.0, 185.0], [1253.0, 183.0], [1253.0, 240.0], [78.0, 241.0]], [[76.0, 256.0], [1217.0, 260.0], [1217.0, 316.0], [76.0, 313.0]], [[76.0, 330.0], [1195.0, 330.0], [1195.0, 391.0], [76.0, 391.0]], [[78.0, 406.0], [1195.0, 406.0], [1195.0, 463.0], [78.0, 463.0]], [[80.0, 481.0], [1140.0, 481.0], [1140.0, 538.0], [80.0, 538.0]], [[90.0, 556.0], [1005.0, 556.0], [1005.0, 607.0], [90.0, 607.0]]], "lines": ["Ｔｗｉｌｌ．ｎｅｖｅｒｆｏｒｇｅｔｔｈｅｌｏｏｋｏｆｐｏｏｒＫｎｉｔａｓ", "ｈａｔｉｎｇｈｅｒｓｅｆｆｉｎｔｈｅｍｉｒｒｏｎ．ｄｓｓｈｅｔｉｎｅｓｔｏ", "ｃｏｎｃｅａｌｈｅｒｈｏｒｎ．ｔｒｒｅｃｒｙｓｔａｌｅｘｃｈａｎｇｅｃｓ", "ｆｉｒｅｒｃｏｇｓｔｏｃｏｎｅｕｍｅｉｔ，Ｋａｌｄｅｓｓｐｅｒｃｔｅｂｙ．．．", "ｓｅａｒｃｈｉｎｇｆｏｒｋｏｉｔｅｓｉｎｔｈｅｄｅｂｒｉｓｏｆｔｉｎｅ", "ｆａｌｌｅｎｂｕｉｌｄｉｎｇ．ａｎｄ．ｔｈｅｓｐｉｄｅｒｍｏｎｓｔｅｒ．", "Ｔｈｅｙａｒｅｔｈｅｓｔｕｆｆｏｆｎｉｇｈｔｍａｒｅｓ．"]}, {"box": [75, 699, 1298, 1788], "vertical": false, "font_size": 55.86666666666667, "lines_coords": [[[78.0, 703.0], [1241.0, 699.0], [1241.0, 757.0], [78.0, 761.0]], [[78.0, 774.0], [1198.0, 774.0], [1198.0, 830.0], [78.0, 830.0]], [[80.0, 853.0], [1268.0, 853.0], [1268.0, 903.0], [80.0, 903.0]], [[82.0, 926.0], [1221.0, 926.0], [1221.0, 976.0], [82.0, 976.0]], [[88.0, 999.0], [1213.0, 999.0], [1213.0, 1050.0], [88.0, 1050.0]], [[78.0, 1074.0], [1217.0, 1070.0], [1217.0, 1121.0], [78.0, 1125.0]], [[78.0, 1149.0], [1277.0, 1143.0], [1277.0, 1194.0], [78.0, 1200.0]], [[78.0, 1216.0], [1151.0, 1215.0], [1151.0, 1273.0], [78.0, 1275.0]], [[76.0, 1290.0], [1232.0, 1286.0], [1232.0, 1350.0], [76.0, 1353.0]], [[78.0, 1359.0], [1174.0, 1363.0], [1174.0, 1425.0], [78.0, 1421.0]], [[75.0, 1438.0], [1172.0, 1438.0], [1172.0, 1501.0], [75.0, 1501.0]], [[76.0, 1509.0], [1176.0, 1515.0], [1176.0, 1571.0], [76.0, 1565.0]], [[80.0, 1588.0], [1264.0, 1586.0], [1264.0, 1636.0], [80.0, 1638.0]], [[80.0, 1657.0], [1298.0, 1657.0], [1298.0, 1719.0], [80.0, 1719.0]], [[80.0, 1730.0], [1288.0, 1732.0], [1288.0, 1788.0], [80.0, 1786.0]]], "lines": ["Ｎｏｗ．ｊｕｓｔｆｏｒｆｕｎ．エｌｌｅｎｄａｎａｓｔｏｒｙｏｆｍｙ", "ｏｗｎ．Ｂａｃｋｉｎ２００１．ｗｈｅｎ．ＴｗｅｓｏｎＭｙｔｈｒｅｃ", "ｗｅｅｋｓｉｎｔｏｍｙｓｅｃｏｎｄｔｅｃｃｈｉｎｇ．ｉｏｂｉｎ．Ｔａｐｐ．", "Ｉｒａｄａｏｎｅ－ｏｎ－ｏｒｅｃｌａｃｓｗｉｔｈｏｓｔｕｄｅｎｔ．", "ｌｏｏｋｅｄ．ａｔｉｎｅｓｔｈｅｃｄｌｅ．ｓａｗｉｈｅｓｔｕｄｅｎｔｓ", "ｒａｍｅ．ａｒｄｃｏｎｃｌｕｇｄエｗａｓａｂｏｕｔｔｏｔｅｃｈ", "ａｇｅｎｔｌｅｍａｎ．工ｇｏｔｔｏｒｔｈｅｒｄｓｓｒｏｏｍｏｒｄｄｅｓｃｏｖ", "ｃｎｌｙａｙｏｕｎｇｗｏｍａｎ．Ｃｏｎｆｕｓｅｄ，Ｉｄｏｕｂｌｅ", "ｃｈｅｃｋｅｄ＋ｈｅｓｃｈｃａｄｌｅ．ｓｈｒｕｇｇｅｄ，ｃｎｄ＋ｈｅｎ．", "ｓｔａｎｔｅｄｔａｃｃｈｉｎｇｔｈｅｓｔｕｄｅｒｔ．Ｂｕｔｂｅｉｎｇ．．．", "ｙｏｕｇ（ａｎｄｒｏｄｅｌｏｏｋｉｎｇ．ｂｏｃｋｏｎｉｔ，ｓｉｇｈｙ，", "７．ｃａｋｅｄ＋ｈｅｓｔｕｄｅｒｔｗｈａｔｈｅｒｒａｍｅｗａｓ．", "ｃｎｄｉｔｍａｔｃｈｅｄｔｈｅｎａｍｅｏｎｔｈｅｓｃｈｅｄｌｅ．", "ｔｈｅｒ．ｃｅｋｅｄ〝Ｉｓｓｒｆ＋ｈａｔ．．．ｕｓｕａｌｌｙａｂｏｙ／ｓｒａｍｅｒ：", "Ｓｈｅｂｌｕｓｈｅｄｒａｍｄｓｉｄｙｓｓａｎｄｅｘｐｌａｉｎｅｄｔｈａｔ"]}]}